Sr No,Company Code,Purchase Org,PO Number,PO Line Item,PO Type,Material/Service,Vendor Code,Vendor Short Name,Vendor Sector,GR Document No,GR Posting Date,GR Fiscal Year,GR Quantity,GR Amount,GR Vendor Name (SAP),IR Document No,IR Posting Date,IR Amount,IR Vendor Name (Invoice),TDS Amount,GST Diff Amount,Difference (IR-GR),Currency,Plant,Cost Center,GL Account,Payment Terms,Aging (Days),Aging Bucket,Discrepancy Flag,Discrepancy Reason,Manual Action,Reviewer,Review Date,Remarks
1,1000,1000,4500100001,0010,NB,Cement Bags 50kg,1000013,ASPNT,Manufacturing,5000100001,2025-01-08,2025,106.632,1359345.2,Asian Paints Ltd,5100200001,2025-02-24,1359345.19,ASIAN PAINTS,0.0,0.0,-0.01,INR,1004,CC-IT-002,400500,NT45,82,61-90 Days,ROUNDING - PAISE,Paise-level rounding difference from vendor,,,,
2,1000,2000,4500100002,0050,ZSER,Industrial Chemicals,1000013,ASPNT,Manufacturing,5000100002,2024-10-24,2024,94.339,462360.46,Asian Paints Ltd,5100200002,2024-11-17,462350.46,Asian Paints Limited,0.0,0.0,-10.0,INR,1002,CC-IT-002,400400,NT30,158,>90 Days (Critical),ROUNDING - RUPEE,"Rupee rounding, likely due to tax computation",,,,
3,1000,2000,4500100003,0020,NB,Equipment Maintenance,1000017,HAVL,Electrical,5000100003,2025-01-23,2025,119.488,2949947.66,Havells India Ltd,NOT RECEIVED,,,-,0.0,0.0,,INR,1002,CC-MFG-005,400400,NT45,67,61-90 Days,MISSING INVOICE,Goods received but vendor invoice not yet submitted,,,,
4,1000,2000,4500100004,0010,ZNB,Annual Maintenance Contract,1000002,INFY,IT Services,5000100004,2024-12-20,2024,123.861,221477.68,Infosys Limited,5100200004,2025-01-18,283491.43,Infosys Technologies,0.0,62013.75,62013.75,INR,1001,CC-FIN-001,400200,NT30,101,>90 Days (Critical),GST MISMATCH,GST @ 28% included in IR but not in GR,,,,
5,1000,1000,4500100005,0010,ZNB,Software License Fee,1000005,LTI,IT Services,5000100005,2024-11-01,2024,29.589,128360.78,Larsen & Toubro Infotech Ltd,5100200005,2025-02-21,128360.78,L&T Infotech,0.0,0.0,0.0,INR,1003,CC-HR-004,400100,IMMED,150,>90 Days (Critical),TIMING DIFFERENCE,Invoice received after 60-day policy window,,,,
6,1000,1000,4500100006,0010,ZNB,IT Consulting Services,1000008,HEXW,IT Services,5000100006,2024-12-27,2024,44.048,1733550.67,Hexaware Technologies Ltd,5100200006,2025-01-31,433387.67,Hexaware Tech Ltd,0.0,0.0,-1300163.0,INR,1003,CC-FIN-001,400300,IMMED,94,>90 Days (Critical),PARTIAL INVOICE,Partial invoice raised (25% of PO value),,,,
7,1000,2000,4500100007,0030,ZSER,Software License Fee,1000002,INFY,IT Services,5000100007,2024-12-21,2024,44.502,1511445.14,Infosys Limited,5100200007,2024-12-27,1511455.14,Infosys,0.0,0.0,10.0,INR,1003,CC-HR-004,400400,NT45,100,>90 Days (Critical),ROUNDING - RUPEE,"Rupee rounding, likely due to tax computation",,,,
8,1000,2000,4500100008,0030,NB,Chemical Compounds,1000009,RIL,Manufacturing,5000100008,2024-12-15,2024,82.457,3444014.55,Reliance Industries Ltd,5100200008,2025-01-28,3444015.55,RIL,0.0,0.0,1.0,INR,1001,CC-MFG-005,400300,IMMED,106,>90 Days (Critical),ROUNDING - RUPEE,"Rupee rounding, likely due to tax computation",,,,
9,1000,2000,4500100009,0020,NB,Industrial Chemicals,1000013,ASPNT,Manufacturing,5000100009,2024-12-07,2024,131.776,768714.52,Asian Paints Ltd,5100200009,2025-02-01,768724.52,Asian Paints Ltd.,0.0,0.0,10.0,INR,1003,CC-IT-002,400300,NT60,114,>90 Days (Critical),ROUNDING - RUPEE,"Rupee rounding, likely due to tax computation",,,,
10,1000,1000,4500100010,0020,ZNB,Cybersecurity Services,1000001,TCSL,IT Services,5000100010,2024-11-23,2024,53.517,6482985.59,Tata Consultancy Services Ltd,5100200010,2025-01-03,6353325.88,Tata Consultancy Services,129659.71,0.0,-129659.71,INR,1001,CC-MFG-005,400500,IMMED,128,>90 Days (Critical),TDS DEDUCTED,TDS @ 2.0% deducted on payment (Sec 194C/194J),,,,
11,1000,1000,4500100011,0030,ZNB,Data Migration Services,1000001,TCSL,IT Services,5000100011,2025-02-21,2025,125.654,79370.21,Tata Consultancy Services Ltd,5100200011,2025-03-19,39685.11,TCS Limited,0.0,0.0,-39685.1,EUR,1001,CC-OPS-003,400100,NT30,38,31-60 Days,PARTIAL INVOICE,Partial invoice raised (50% of PO value),,,,
12,1000,2000,4500100012,0020,ZSER,Engineering Consultancy,1000015,ABB,Engineering,5000100012,2024-12-05,2024,42.315,1429749.14,ABB India Limited,5100200012,2025-02-15,1429749.14,ABB India,0.0,0.0,0.0,INR,1003,CC-IT-002,400200,NT15,116,>90 Days (Critical),TIMING DIFFERENCE,Invoice received after 60-day policy window,,,,
13,1000,1000,4500100013,0010,ZSER,Electrical Equipment,1000016,BSCH,Engineering,5000100013,2024-12-25,2024,159.457,67242.33,Bosch Limited,5100200013,2025-02-07,67242.33,Bosch Limited,0.0,0.0,0.0,USD,1004,CC-IT-002,400100,NT15,96,>90 Days (Critical),EXACT MATCH,GR and IR amounts match exactly,,,,
14,1000,1000,4500100014,0040,NB,IT Consulting Services,1000001,TCSL,IT Services,5000100014,2024-10-14,2024,69.136,1633278.45,Tata Consultancy Services Ltd,5100200014,2024-12-03,1633278.45,Tata Consultancy Services Ltd,0.0,0.0,0.0,INR,1003,CC-HR-004,400300,IMMED,168,>90 Days (Critical),EXACT MATCH,GR and IR amounts match exactly,,,,
15,1000,2000,4500100015,0030,ZSER,Software License Fee,1000008,HEXW,IT Services,5000100015,2025-02-22,2025,183.843,4829459.17,Hexaware Technologies Ltd,5100200015,2025-04-07,4829459.17,Hexaware Technologies Ltd,0.0,0.0,0.0,INR,1002,CC-FIN-001,400400,NT60,37,31-60 Days,EXACT MATCH,GR and IR amounts match exactly,,,,
16,1000,1000,4500100016,0040,ZSER,Annual Maintenance Contract,1000005,LTI,IT Services,5000100016,2024-12-31,2024,174.304,8084431.59,Larsen & Toubro Infotech Ltd,5100200016,2025-02-19,8084431.58,L&T Infotech Ltd,0.0,0.0,-0.01,INR,1002,CC-IT-002,400500,IMMED,90,61-90 Days,ROUNDING - PAISE,Paise-level rounding difference from vendor,,,,
17,1000,1000,4500100017,0050,ZSER,Equipment Maintenance,1000014,SIEM,Engineering,5000100017,2024-10-05,2024,46.988,2756678.13,Siemens Ltd,5100200017,2024-11-25,2067508.6,SIEMENS LIMITED,0.0,0.0,-689169.53,INR,1002,CC-OPS-003,400200,NT15,177,>90 Days (Critical),PARTIAL INVOICE,Partial invoice raised (75% of PO value),,,,
18,1000,2000,4500100018,0050,ZNB,Electrical Equipment,1000015,ABB,Engineering,5000100018,2025-02-28,2025,79.909,954365.12,ABB India Limited,5100200018,2025-03-01,954365.37,A.B.B. India,0.0,0.0,0.25,INR,1001,CC-IT-002,400200,NT60,31,31-60 Days,ROUNDING - PAISE,Paise-level rounding difference from vendor,,,,
19,1000,1000,4500100019,0020,ZNB,Packaging Material,1000010,TATST,Manufacturing,5000100019,2025-03-25,2025,64.148,401080.96,Tata Steel Limited,5100200019,2025-04-12,401079.96,TATA STEEL LIMITED,0.0,0.0,-1.0,INR,1003,CC-FIN-001,400400,NT30,6,0-30 Days,ROUNDING - RUPEE,"Rupee rounding, likely due to tax computation",,,,
20,1000,1000,4500100020,0040,ZSER,IT Consulting Services,1000001,TCSL,IT Services,5000100020,2024-11-25,2024,49.111,58728.35,Tata Consultancy Services Ltd,5100200020,2024-12-08,58728.35,Tata Consultancy Services Ltd,0.0,0.0,0.0,USD,1003,CC-HR-004,400400,NT45,126,>90 Days (Critical),EXACT MATCH,GR and IR amounts match exactly,,,,
21,1000,2000,4500100021,0010,NB,Network Support Services,1000006,TECHM,IT Services,5000100021,2025-01-24,2025,15.73,3056705.98,Tech Mahindra Limited,5100200021,2025-02-26,3056705.98,Tech Mahindra Limited,0.0,0.0,0.0,INR,1003,CC-FIN-001,400300,NT45,66,61-90 Days,EXACT MATCH,GR and IR amounts match exactly,,,,
22,1000,1000,4500100022,0040,NB,Cloud Hosting Charges,1000008,HEXW,IT Services,5000100022,2024-11-15,2024,168.339,7378016.94,Hexaware Technologies Ltd,NOT RECEIVED,,,-,0.0,0.0,,INR,1004,CC-IT-002,400100,NT45,136,>90 Days (Critical),MISSING INVOICE,Goods received but vendor invoice not yet submitted,,,,
23,1000,2000,4500100023,0010,ZSER,Cloud Hosting Charges,1000008,HEXW,IT Services,5000100023,2024-12-05,2024,65.483,2776304.47,Hexaware Technologies Ltd,5100200023,2024-12-08,2776304.47,Hexaware Technologies Ltd,0.0,0.0,0.0,INR,1002,CC-MFG-005,400200,IMMED,116,>90 Days (Critical),EXACT MATCH,GR and IR amounts match exactly,,,,
24,1000,1000,4500100024,0030,ZSER,IT Consulting Services,1000002,INFY,IT Services,5000100024,2025-02-26,2025,106.533,1046809.86,Infosys Limited,5100200024,2025-03-18,1046809.61,Infosys Technologies,0.0,0.0,-0.25,INR,1003,CC-IT-002,400100,NT60,33,31-60 Days,ROUNDING - PAISE,Paise-level rounding difference from vendor,,,,
25,1000,1000,4500100025,0040,NB,Electrical Equipment,1000015,ABB,Engineering,5000100025,2025-01-01,2025,188.331,2677807.83,ABB India Limited,5100200025,2025-01-11,2677807.33,ABB India Ltd,0.0,0.0,-0.5,INR,1001,CC-FIN-001,400300,IMMED,89,61-90 Days,ROUNDING - PAISE,Paise-level rounding difference from vendor,,,,
26,1000,2000,4500100026,0010,ZSER,Network Support Services,1000001,TCSL,IT Services,5000100026,2024-10-31,2024,131.84,1766029.3,Tata Consultancy Services Ltd,5100200026,2024-12-27,1766031.3,T.C.S. Ltd,0.0,0.0,2.0,INR,1002,CC-IT-002,400200,NT30,151,>90 Days (Critical),ROUNDING - RUPEE,"Rupee rounding, likely due to tax computation",,,,
27,1000,1000,4500100027,0020,NB,Cement Bags 50kg,1000011,JSWS,Manufacturing,5000100027,2024-12-24,2024,124.563,25201.26,JSW Steel Ltd,5100200027,2025-01-27,29737.49,JSW Steel Limited,0.0,4536.23,4536.23,USD,1003,CC-FIN-001,400300,NT30,97,>90 Days (Critical),GST MISMATCH,GST @ 18% included in IR but not in GR,,,,
28,1000,2000,4500100028,0030,ZNB,Cloud Hosting Charges,1000003,WIPR,IT Services,5000100028,2025-03-05,2025,139.04,1800094.65,Wipro Limited,5100200028,2025-03-10,900047.32,Wipro Technologies,0.0,0.0,-900047.33,INR,1004,CC-FIN-001,400100,NT15,26,0-30 Days,PARTIAL INVOICE,Partial invoice raised (50% of PO value),,,,
29,1000,1000,4500100029,0020,NB,Mechanical Parts,1000016,BSCH,Engineering,5000100029,2024-11-20,2024,85.25,2014303.27,Bosch Limited,5100200029,2024-11-22,1994160.24,Bosch Ltd,20143.03,0.0,-20143.03,INR,1003,CC-MFG-005,400100,IMMED,131,>90 Days (Critical),TDS DEDUCTED,TDS @ 1.0% deducted on payment (Sec 194C/194J),,,,
30,1000,2000,4500100030,0020,NB,Industrial Chemicals,1000011,JSWS,Manufacturing,5000100030,2024-12-14,2024,199.665,735097.17,JSW Steel Ltd,5100200030,2025-01-08,183774.29,JSW Steel Limited,0.0,0.0,-551322.88,INR,1002,CC-IT-002,400100,NT60,107,>90 Days (Critical),PARTIAL INVOICE,Partial invoice raised (25% of PO value),,,,
31,1000,1000,4500100031,0050,ZSER,Raw Material Supply,1000009,RIL,Manufacturing,5000100031,2024-12-05,2024,95.219,2163029.93,Reliance Industries Ltd,5100200031,2025-01-30,2163029.94,Reliance Industries Limited,0.0,0.0,0.01,INR,1003,CC-OPS-003,400200,NT30,116,>90 Days (Critical),ROUNDING - PAISE,Paise-level rounding difference from vendor,,,,
32,1000,1000,4500100032,0050,ZNB,Steel Plates 10mm,1000009,RIL,Manufacturing,5000100032,2025-02-07,2025,46.761,419554.97,Reliance Industries Ltd,5100200032,2025-03-30,415359.42,RELIANCE INDUSTRIES,4195.55,0.0,-4195.55,INR,1003,CC-IT-002,400400,NT45,52,31-60 Days,TDS DEDUCTED,TDS @ 1.0% deducted on payment (Sec 194C/194J),,,,
33,1000,2000,4500100033,0040,ZNB,Raw Material Supply,1000011,JSWS,Manufacturing,5000100033,2024-10-23,2024,1.954,882425.8,JSW Steel Ltd,5100200033,2024-10-31,882426.3,J.S.W. Steel Ltd,0.0,0.0,0.5,INR,1004,CC-MFG-005,400100,NT30,159,>90 Days (Critical),ROUNDING - PAISE,Paise-level rounding difference from vendor,,,,
34,1000,1000,4500100034,0030,NB,Raw Material Supply,1000009,RIL,Manufacturing,5000100034,2024-11-26,2024,60.256,1171279.92,Reliance Industries Ltd,5100200034,2025-01-05,1171280.92,Reliance Industries Limited,0.0,0.0,1.0,INR,1003,CC-IT-002,400500,IMMED,125,>90 Days (Critical),ROUNDING - RUPEE,"Rupee rounding, likely due to tax computation",,,,
35,1000,1000,4500100035,0050,ZSER,Packaging Material,1000012,ULTC,Manufacturing,5000100035,2025-01-18,2025,143.953,74206.42,Ultratech Cement Ltd,5100200035,2025-03-21,74206.42,UltraTech Cement Ltd,0.0,0.0,0.0,USD,1002,CC-FIN-001,400300,NT45,72,61-90 Days,TIMING DIFFERENCE,Invoice received after 60-day policy window,,,,
36,1000,1000,4500100036,0030,ZSER,ERP Implementation Services,1000001,TCSL,IT Services,5000100036,2025-01-02,2025,35.425,7509892.53,Tata Consultancy Services Ltd,5100200036,2025-01-05,6758903.28,Tata Consultancy Services,750989.25,0.0,-750989.25,INR,1003,CC-IT-002,400200,NT30,88,61-90 Days,TDS DEDUCTED,TDS @ 10.0% deducted on payment (Sec 194C/194J),,,,
37,1000,2000,4500100037,0050,ZNB,Network Support Services,1000007,MPHL,IT Services,5000100037,2025-01-05,2025,118.831,424734.94,Mphasis Limited,5100200037,2025-01-28,424734.94,MPHASIS LIMITED,0.0,0.0,424734.94,INR,1002,CC-FIN-001,400200,NT15,85,61-90 Days,DUPLICATE IR RISK,Possible duplicate invoice - check doc 5100200038,,,,
38,1000,2000,4500100038,0020,ZSER,Software License Fee,1000003,WIPR,IT Services,5000100038,2025-03-05,2025,133.159,180188.9,Wipro Limited,5100200039,2025-05-01,180188.89,WIPRO LIMITED,0.0,0.0,-0.01,INR,1003,CC-FIN-001,400100,NT60,26,0-30 Days,ROUNDING - PAISE,Paise-level rounding difference from vendor,,,,
39,1000,1000,4500100039,0040,ZNB,Network Support Services,1000001,TCSL,IT Services,5000100039,2024-10-25,2024,167.689,3827777.89,Tata Consultancy Services Ltd,5100200040,2024-12-21,3827777.89,Tata Consultancy Services Ltd,0.0,0.0,0.0,INR,1003,CC-IT-002,400200,NT60,157,>90 Days (Critical),EXACT MATCH,GR and IR amounts match exactly,,,,
40,1000,2000,4500100040,0030,NB,IT Consulting Services,1000008,HEXW,IT Services,5000100040,2024-10-18,2024,3.99,147246.96,Hexaware Technologies Ltd,5100200041,2024-12-06,188476.11,Hexaware,0.0,41229.15,41229.15,INR,1001,CC-IT-002,400400,IMMED,164,>90 Days (Critical),GST MISMATCH,GST @ 28% included in IR but not in GR,,,,
41,1000,1000,4500100041,0020,NB,Cybersecurity Services,1000001,TCSL,IT Services,5000100041,2024-12-14,2024,167.031,1747863.72,Tata Consultancy Services Ltd,5100200042,2024-12-17,1747863.72,Tata Consultancy Services Ltd,0.0,0.0,0.0,INR,1002,CC-FIN-001,400500,NT15,107,>90 Days (Critical),EXACT MATCH,GR and IR amounts match exactly,,,,
42,1000,2000,4500100042,0020,ZNB,Equipment Maintenance,1000019,ORCL,Software,5000100042,2024-10-10,2024,157.708,1759871.69,Oracle India Pvt Ltd,5100200043,2024-12-03,1759881.69,ORACLE INDIA PVT LTD,0.0,0.0,10.0,INR,1004,CC-OPS-003,400400,IMMED,172,>90 Days (Critical),ROUNDING - RUPEE,"Rupee rounding, likely due to tax computation",,,,
43,1000,1000,4500100043,0040,ZSER,Industrial Chemicals,1000009,RIL,Manufacturing,5000100043,2024-12-07,2024,191.647,372989.36,Reliance Industries Ltd,5100200044,2024-12-09,93247.34,Reliance Industries Limited,0.0,0.0,-279742.02,INR,1002,CC-MFG-005,400300,NT15,114,>90 Days (Critical),PARTIAL INVOICE,Partial invoice raised (25% of PO value),,,,
44,1000,2000,4500100044,0040,ZNB,Data Migration Services,1000006,TECHM,IT Services,5000100044,2025-01-12,2025,33.109,2048381.52,Tech Mahindra Limited,5100200045,2025-01-30,2048386.52,Tech Mahindra,0.0,0.0,5.0,INR,1001,CC-IT-002,400500,NT60,78,61-90 Days,ROUNDING - RUPEE,"Rupee rounding, likely due to tax computation",,,,
45,1000,1000,4500100045,0050,ZNB,Annual Maintenance Contract,1000006,TECHM,IT Services,5000100045,2025-01-29,2025,43.187,43961.7,Tech Mahindra Limited,5100200046,2025-02-12,43959.7,Tech Mahindra Ltd,0.0,0.0,-2.0,GBP,1003,CC-MFG-005,400200,IMMED,61,61-90 Days,ROUNDING - RUPEE,"Rupee rounding, likely due to tax computation",,,,
46,1000,2000,4500100046,0010,ZNB,Annual Maintenance Contract,1000008,HEXW,IT Services,5000100046,2024-10-17,2024,145.226,1206084.59,Hexaware Technologies Ltd,5100200047,2024-11-19,1206083.59,Hexaware Tech Ltd,0.0,0.0,-1.0,INR,1002,CC-HR-004,400200,NT45,165,>90 Days (Critical),ROUNDING - RUPEE,"Rupee rounding, likely due to tax computation",,,,
47,1000,2000,4500100047,0020,ZSER,Mechanical Parts,1000018,BEL,Defence,5000100047,2025-02-24,2025,75.502,2538626.97,Bharat Electronics Ltd,NOT RECEIVED,,,-,0.0,0.0,,INR,1004,CC-MFG-005,400400,NT45,35,31-60 Days,MISSING INVOICE,Goods received but vendor invoice not yet submitted,,,,
48,1000,2000,4500100048,0050,ZNB,Cybersecurity Services,1000006,TECHM,IT Services,5000100048,2024-10-27,2024,97.295,29599.32,Tech Mahindra Limited,5100200049,2024-11-24,29599.32,Tech Mahindra Limited,0.0,0.0,0.0,GBP,1004,CC-MFG-005,400400,IMMED,155,>90 Days (Critical),EXACT MATCH,GR and IR amounts match exactly,,,,
49,1000,2000,4500100049,0010,NB,Annual Maintenance Contract,1000002,INFY,IT Services,5000100049,2025-03-01,2025,149.202,37862.53,Infosys Limited,5100200050,2025-03-04,37862.53,INFOSYS LIMITED,0.0,0.0,37862.53,USD,1002,CC-IT-002,400100,IMMED,30,0-30 Days,DUPLICATE IR RISK,Possible duplicate invoice - check doc 5100200051,,,,
50,1000,1000,4500100050,0020,NB,Cybersecurity Services,1000002,INFY,IT Services,5000100050,2024-12-08,2024,95.777,422900.2,Infosys Limited,5100200052,2025-01-19,422899.7,Infosys,0.0,0.0,-0.5,INR,1002,CC-IT-002,400500,IMMED,113,>90 Days (Critical),ROUNDING - PAISE,Paise-level rounding difference from vendor,,,,
51,1000,2000,4500100051,0040,NB,Data Migration Services,1000006,TECHM,IT Services,5000100051,2025-03-18,2025,61.018,340058.85,Tech Mahindra Limited,5100200053,2025-04-26,340058.84,Tech Mahindra Ltd,0.0,0.0,-0.01,INR,1001,CC-IT-002,400400,NT60,13,0-30 Days,ROUNDING - PAISE,Paise-level rounding difference from vendor,,,,
52,1000,1000,4500100052,0030,ZNB,Data Migration Services,1000004,HCLT,IT Services,5000100052,2025-03-23,2025,54.647,1615563.07,HCL Technologies Ltd,5100200054,2025-05-01,1615565.07,HCL TECHNOLOGIES,0.0,0.0,2.0,INR,1001,CC-HR-004,400300,NT60,8,0-30 Days,ROUNDING - RUPEE,"Rupee rounding, likely due to tax computation",,,,
53,1000,1000,4500100053,0030,NB,Mechanical Parts,1000018,BEL,Defence,5000100053,2024-12-23,2024,195.408,2585267.17,Bharat Electronics Ltd,5100200055,2025-01-01,2585267.17,Bharat Electronics Ltd,0.0,0.0,0.0,INR,1001,CC-FIN-001,400400,NT45,98,>90 Days (Critical),EXACT MATCH,GR and IR amounts match exactly,,,,
54,1000,2000,4500100054,0030,ZNB,Mechanical Parts,1000018,BEL,Defence,5000100054,2024-11-16,2024,34.724,2152201.83,Bharat Electronics Ltd,5100200056,2024-12-29,1614151.37,Bharat Electronics,0.0,0.0,-538050.46,INR,1004,CC-IT-002,400100,NT45,135,>90 Days (Critical),PARTIAL INVOICE,Partial invoice raised (75% of PO value),,,,
55,1000,2000,4500100055,0020,NB,ERP Implementation Services,1000002,INFY,IT Services,5000100055,2025-03-17,2025,71.434,166495.13,Infosys Limited,5100200057,2025-05-16,166495.38,Infosys Ltd,0.0,0.0,0.25,INR,1002,CC-FIN-001,400300,NT45,14,0-30 Days,ROUNDING - PAISE,Paise-level rounding difference from vendor,,,,
56,1000,2000,4500100056,0030,ZNB,Annual Maintenance Contract,1000003,WIPR,IT Services,5000100056,2025-03-08,2025,167.789,9437697.08,Wipro Limited,5100200058,2025-04-04,9437687.08,WIPRO LIMITED,0.0,0.0,-10.0,INR,1002,CC-FIN-001,400500,NT15,23,0-30 Days,ROUNDING - RUPEE,"Rupee rounding, likely due to tax computation",,,,
57,1000,2000,4500100057,0020,ZSER,Software License Fee,1000008,HEXW,IT Services,5000100057,2025-02-20,2025,140.989,546964.07,Hexaware Technologies Ltd,5100200059,2025-02-26,546964.07,Hexaware Technologies Ltd,0.0,0.0,0.0,INR,1003,CC-MFG-005,400100,NT15,39,31-60 Days,EXACT MATCH,GR and IR amounts match exactly,,,,
58,1000,1000,4500100058,0030,NB,Data Migration Services,1000001,TCSL,IT Services,5000100058,2025-01-05,2025,35.651,223433.31,Tata Consultancy Services Ltd,5100200060,2025-01-26,212261.64,Tata Consultancy Svcs Ltd,11171.67,0.0,-11171.67,INR,1002,CC-FIN-001,400100,NT30,85,61-90 Days,TDS DEDUCTED,TDS @ 5.0% deducted on payment (Sec 194C/194J),,,,
59,1000,1000,4500100059,0050,NB,Data Migration Services,1000006,TECHM,IT Services,5000100059,2025-03-17,2025,47.845,6428906.64,Tech Mahindra Limited,5100200061,2025-03-20,6428906.65,Tech-Mahindra Limited,0.0,0.0,0.01,INR,1003,CC-OPS-003,400500,NT45,14,0-30 Days,ROUNDING - PAISE,Paise-level rounding difference from vendor,,,,
60,1000,2000,4500100060,0030,ZSER,Software License Fee,1000004,HCLT,IT Services,5000100060,2024-12-02,2024,42.566,2144379.89,HCL Technologies Ltd,5100200062,2025-01-10,2144381.89,HCL Tech,0.0,0.0,2.0,INR,1002,CC-IT-002,400200,NT30,119,>90 Days (Critical),ROUNDING - RUPEE,"Rupee rounding, likely due to tax computation",,,,
61,1000,2000,4500100061,0040,ZNB,Control Panel Supply,1000019,ORCL,Software,5000100061,2025-02-10,2025,121.97,392989.1,Oracle India Pvt Ltd,5100200063,2025-04-07,392988.85,Oracle India,0.0,0.0,-0.25,INR,1003,CC-MFG-005,400400,IMMED,49,31-60 Days,ROUNDING - PAISE,Paise-level rounding difference from vendor,,,,
62,1000,2000,4500100062,0030,NB,Mechanical Parts,1000020,SAPI,Software,5000100062,2024-11-18,2024,134.545,61846.46,SAP India Pvt Ltd,5100200064,2024-12-01,61846.46,SAP India Pvt Ltd,0.0,0.0,0.0,USD,1002,CC-MFG-005,400200,NT60,133,>90 Days (Critical),EXACT MATCH,GR and IR amounts match exactly,,,,
63,1000,2000,4500100063,0030,ZNB,Industrial Chemicals,1000012,ULTC,Manufacturing,5000100063,2024-12-03,2024,42.738,350375.67,Ultratech Cement Ltd,5100200065,2025-01-03,175187.83,ULTRATECH CEMENT LTD,0.0,0.0,-175187.84,INR,1002,CC-IT-002,400400,NT45,118,>90 Days (Critical),PARTIAL INVOICE,Partial invoice raised (50% of PO value),,,,
64,1000,2000,4500100064,0040,ZSER,Cement Bags 50kg,1000009,RIL,Manufacturing,5000100064,2024-10-06,2024,170.181,112834.22,Reliance Industries Ltd,5100200066,2024-10-24,126374.33,Reliance Inds Ltd,0.0,13540.11,13540.11,INR,1003,CC-HR-004,400200,NT30,176,>90 Days (Critical),GST MISMATCH,GST @ 12% included in IR but not in GR,,,,
65,1000,1000,4500100065,0010,ZSER,Chemical Compounds,1000013,ASPNT,Manufacturing,5000100065,2024-10-28,2024,121.603,3659649.89,Asian Paints Ltd,5100200067,2024-12-24,914912.47,Asian Paint,0.0,0.0,-2744737.42,INR,1002,CC-MFG-005,400300,NT30,154,>90 Days (Critical),PARTIAL INVOICE,Partial invoice raised (25% of PO value),,,,
66,1000,2000,4500100066,0030,ZNB,Electrical Equipment,1000020,SAPI,Software,5000100066,2025-03-24,2025,5.93,63845.03,SAP India Pvt Ltd,5100200068,2025-05-09,47883.77,SAP India Private Ltd,0.0,0.0,-15961.26,EUR,1001,CC-HR-004,400500,NT45,7,0-30 Days,PARTIAL INVOICE,Partial invoice raised (75% of PO value),,,,
67,1000,2000,4500100067,0040,ZNB,ERP Implementation Services,1000007,MPHL,IT Services,5000100067,2024-10-16,2024,36.116,625395.59,Mphasis Limited,5100200069,2024-10-26,800506.36,MPHASIS LIMITED,0.0,175110.77,175110.77,INR,1002,CC-MFG-005,400400,NT45,166,>90 Days (Critical),GST MISMATCH,GST @ 28% included in IR but not in GR,,,,
68,1000,2000,4500100068,0050,NB,Raw Material Supply,1000010,TATST,Manufacturing,5000100068,2024-10-19,2024,80.48,2892813.18,Tata Steel Limited,5100200070,2024-12-16,2834956.92,Tata Steel,57856.26,0.0,-57856.26,INR,1001,CC-FIN-001,400100,NT45,163,>90 Days (Critical),TDS DEDUCTED,TDS @ 2.0% deducted on payment (Sec 194C/194J),,,,
69,1000,2000,4500100069,0030,ZNB,Equipment Maintenance,1000015,ABB,Engineering,5000100069,2025-01-07,2025,70.779,1890974.66,ABB India Limited,5100200071,2025-02-08,1890974.66,ABB India Limited,0.0,0.0,0.0,INR,1002,CC-IT-002,400200,NT15,83,61-90 Days,EXACT MATCH,GR and IR amounts match exactly,,,,
70,1000,1000,4500100070,0040,ZSER,Mechanical Parts,1000015,ABB,Engineering,5000100070,2024-10-06,2024,38.322,296365.26,ABB India Limited,5100200072,2024-10-31,290437.95,ABB LIMITED,5927.31,0.0,-5927.31,INR,1004,CC-MFG-005,400100,NT15,176,>90 Days (Critical),TDS DEDUCTED,TDS @ 2.0% deducted on payment (Sec 194C/194J),,,,
71,1000,2000,4500100071,0040,NB,Network Support Services,1000008,HEXW,IT Services,5000100071,2024-11-05,2024,3.014,191881.31,Hexaware Technologies Ltd,5100200073,2024-11-24,191881.3,Hexaware,0.0,0.0,-0.01,INR,1003,CC-HR-004,400300,NT30,146,>90 Days (Critical),ROUNDING - PAISE,Paise-level rounding difference from vendor,,,,
72,1000,1000,4500100072,0030,ZSER,Spare Parts Supply,1000020,SAPI,Software,5000100072,2024-12-15,2024,93.172,2569681.74,SAP India Pvt Ltd,5100200074,2025-01-15,642420.44,SAP INDIA PVT LTD,0.0,0.0,-1927261.3,INR,1004,CC-IT-002,400100,IMMED,106,>90 Days (Critical),PARTIAL INVOICE,Partial invoice raised (25% of PO value),,,,
73,1000,2000,4500100073,0050,ZNB,Packaging Material,1000010,TATST,Manufacturing,5000100073,2025-03-02,2025,146.335,130516.64,Tata Steel Limited,5100200075,2025-03-12,130515.64,TATA STEEL LIMITED,0.0,0.0,-1.0,INR,1004,CC-OPS-003,400100,IMMED,29,0-30 Days,ROUNDING - RUPEE,"Rupee rounding, likely due to tax computation",,,,
74,1000,1000,4500100074,0050,ZSER,Equipment Maintenance,1000016,BSCH,Engineering,5000100074,2025-03-10,2025,193.976,55192.87,Bosch Limited,5100200076,2025-05-02,55194.87,BOSCH LIMITED,0.0,0.0,2.0,USD,1003,CC-FIN-001,400400,NT15,21,0-30 Days,ROUNDING - RUPEE,"Rupee rounding, likely due to tax computation",,,,
75,1000,2000,4500100075,0040,NB,Cybersecurity Services,1000005,LTI,IT Services,5000100075,2025-02-24,2025,172.098,9221640.62,Larsen & Toubro Infotech Ltd,5100200077,2025-04-09,2305410.15,Larsen Toubro Infotech,0.0,0.0,-6916230.47,INR,1002,CC-FIN-001,400300,NT15,35,31-60 Days,PARTIAL INVOICE,Partial invoice raised (25% of PO value),,,,
76,1000,2000,4500100076,0030,NB,Network Support Services,1000005,LTI,IT Services,5000100076,2025-01-07,2025,144.087,430063.68,Larsen & Toubro Infotech Ltd,5100200078,2025-02-22,430062.68,LTI Limited,0.0,0.0,-1.0,INR,1003,CC-FIN-001,400100,IMMED,83,61-90 Days,ROUNDING - RUPEE,"Rupee rounding, likely due to tax computation",,,,
77,1000,1000,4500100077,0030,ZSER,ERP Implementation Services,1000004,HCLT,IT Services,5000100077,2024-11-08,2024,145.484,160149.87,HCL Technologies Ltd,5100200079,2024-12-06,152142.38,HCL Tech Ltd,8007.49,0.0,-8007.49,INR,1001,CC-MFG-005,400300,NT60,143,>90 Days (Critical),TDS DEDUCTED,TDS @ 5.0% deducted on payment (Sec 194C/194J),,,,
78,1000,1000,4500100078,0010,ZSER,Engineering Consultancy,1000017,HAVL,Electrical,5000100078,2025-02-09,2025,52.531,2535533.92,Havells India Ltd,5100200080,2025-04-07,2535533.92,Havells India Ltd,0.0,0.0,0.0,INR,1001,CC-HR-004,400200,NT60,50,31-60 Days,EXACT MATCH,GR and IR amounts match exactly,,,,
79,1000,2000,4500100079,0010,ZSER,Annual Maintenance Contract,1000006,TECHM,IT Services,5000100079,2025-03-06,2025,8.918,444233.27,Tech Mahindra Limited,5100200081,2025-06-20,444233.27,Tech Mahindra,0.0,0.0,0.0,INR,1003,CC-MFG-005,400500,NT30,25,0-30 Days,TIMING DIFFERENCE,Invoice received after 60-day policy window,,,,
80,1000,2000,4500100080,0010,ZNB,Electrical Equipment,1000015,ABB,Engineering,5000100080,2025-03-01,2025,10.467,71112.58,ABB India Limited,5100200082,2025-04-17,71112.33,ABB India Ltd,0.0,0.0,-0.25,GBP,1002,CC-IT-002,400400,NT60,30,0-30 Days,ROUNDING - PAISE,Paise-level rounding difference from vendor,,,,
81,1000,2000,4500100081,0020,NB,Control Panel Supply,1000019,ORCL,Software,5000100081,2025-01-20,2025,190.725,47989.64,Oracle India Pvt Ltd,5100200083,2025-01-21,11997.41,Oracle India Private Ltd,0.0,0.0,-35992.23,EUR,1001,CC-FIN-001,400300,IMMED,70,61-90 Days,PARTIAL INVOICE,Partial invoice raised (25% of PO value),,,,
82,1000,1000,4500100082,0050,NB,Engineering Consultancy,1000014,SIEM,Engineering,5000100082,2025-03-21,2025,47.525,2496526.21,Siemens Ltd,5100200084,2025-03-25,2496524.21,Siemens India Ltd,0.0,0.0,-2.0,INR,1004,CC-OPS-003,400300,NT15,10,0-30 Days,ROUNDING - RUPEE,"Rupee rounding, likely due to tax computation",,,,
83,1000,1000,4500100083,0020,ZSER,Data Migration Services,1000003,WIPR,IT Services,5000100083,2025-01-23,2025,177.435,883798.54,Wipro Limited,5100200085,2025-03-14,883803.54,Wipro Technologies,0.0,0.0,5.0,INR,1001,CC-HR-004,400200,IMMED,67,61-90 Days,ROUNDING - RUPEE,"Rupee rounding, likely due to tax computation",,,,
84,1000,2000,4500100084,0050,ZSER,Mechanical Parts,1000016,BSCH,Engineering,5000100084,2025-03-20,2025,191.173,1360711.58,Bosch Limited,5100200086,2025-05-14,1360711.57,Robert Bosch,0.0,0.0,-0.01,INR,1002,CC-HR-004,400500,NT45,11,0-30 Days,ROUNDING - PAISE,Paise-level rounding difference from vendor,,,,
85,1000,2000,4500100085,0040,ZNB,Cloud Hosting Charges,1000007,MPHL,IT Services,5000100085,2025-01-24,2025,173.678,1101383.42,Mphasis Limited,5100200087,2025-02-08,1090369.59,Mphasis Ltd,11013.83,0.0,-11013.83,INR,1003,CC-IT-002,400300,NT30,66,61-90 Days,TDS DEDUCTED,TDS @ 1.0% deducted on payment (Sec 194C/194J),,,,
86,1000,1000,4500100086,0010,NB,Engineering Consultancy,1000018,BEL,Defence,5000100086,2025-02-04,2025,104.969,21590.4,Bharat Electronics Ltd,5100200088,2025-02-26,21589.9,BEL India,0.0,0.0,-0.5,GBP,1004,CC-MFG-005,400500,NT30,55,31-60 Days,ROUNDING - PAISE,Paise-level rounding difference from vendor,,,,
87,1000,1000,4500100087,0050,NB,Cloud Hosting Charges,1000004,HCLT,IT Services,5000100087,2024-12-29,2024,30.887,1637914.8,HCL Technologies Ltd,5100200089,2025-01-06,1637915.8,HCL Tech Ltd,0.0,0.0,1.0,INR,1001,CC-HR-004,400200,NT30,92,>90 Days (Critical),ROUNDING - RUPEE,"Rupee rounding, likely due to tax computation",,,,
88,1000,2000,4500100088,0030,ZNB,Spare Parts Supply,1000017,HAVL,Electrical,5000100088,2024-10-24,2024,115.036,1959247.71,Havells India Ltd,5100200090,2024-10-25,1959245.71,Havells India,0.0,0.0,-2.0,INR,1003,CC-OPS-003,400400,NT60,158,>90 Days (Critical),ROUNDING - RUPEE,"Rupee rounding, likely due to tax computation",,,,
89,1000,2000,4500100089,0020,ZNB,Chemical Compounds,1000012,ULTC,Manufacturing,5000100089,2025-01-31,2025,77.192,4034559.64,Ultratech Cement Ltd,5100200091,2025-03-03,4034559.14,UltraTech Cement Ltd,0.0,0.0,-0.5,INR,1002,CC-IT-002,400400,NT30,59,31-60 Days,ROUNDING - PAISE,Paise-level rounding difference from vendor,,,,
90,1000,2000,4500100090,0010,ZNB,IT Consulting Services,1000004,HCLT,IT Services,5000100090,2025-03-03,2025,184.542,68503.31,HCL Technologies Ltd,5100200092,2025-04-25,68508.31,HCL Technologies Limited,0.0,0.0,5.0,INR,1002,CC-HR-004,400300,IMMED,28,0-30 Days,ROUNDING - RUPEE,"Rupee rounding, likely due to tax computation",,,,
91,1000,1000,4500100091,0020,ZNB,Steel Plates 10mm,1000013,ASPNT,Manufacturing,5000100091,2025-03-22,2025,12.963,535885.66,Asian Paints Ltd,5100200093,2025-03-26,535885.66,Asian Paint,0.0,0.0,535885.66,INR,1001,CC-MFG-005,400200,NT15,9,0-30 Days,DUPLICATE IR RISK,Possible duplicate invoice - check doc 5100200094,,,,
92,1000,2000,4500100092,0020,ZSER,Data Migration Services,1000006,TECHM,IT Services,5000100092,2025-03-20,2025,102.765,6125468.21,Tech Mahindra Limited,5100200095,2025-04-11,6125468.21,Tech Mahindra Limited,0.0,0.0,0.0,INR,1001,CC-HR-004,400500,NT45,11,0-30 Days,EXACT MATCH,GR and IR amounts match exactly,,,,
93,1000,1000,4500100093,0010,NB,Raw Material Supply,1000012,ULTC,Manufacturing,5000100093,2025-01-10,2025,54.582,33162.96,Ultratech Cement Ltd,5100200096,2025-02-02,33162.96,UltraTech Cement Ltd,0.0,0.0,33162.96,EUR,1001,CC-HR-004,400400,NT15,80,61-90 Days,DUPLICATE IR RISK,Possible duplicate invoice - check doc 5100200097,,,,
94,1000,2000,4500100094,0050,NB,Software License Fee,1000001,TCSL,IT Services,5000100094,2025-02-14,2025,124.764,31854.64,Tata Consultancy Services Ltd,5100200098,2025-04-04,31854.14,Tata Consultancy Services,0.0,0.0,-0.5,EUR,1002,CC-OPS-003,400200,NT30,45,31-60 Days,ROUNDING - PAISE,Paise-level rounding difference from vendor,,,,
95,1000,1000,4500100095,0050,ZNB,IT Consulting Services,1000004,HCLT,IT Services,5000100095,2024-11-03,2024,112.195,2213980.58,HCL Technologies Ltd,5100200099,2024-11-15,2833895.14,HCL Tech,0.0,619914.56,619914.56,INR,1002,CC-HR-004,400300,NT60,148,>90 Days (Critical),GST MISMATCH,GST @ 28% included in IR but not in GR,,,,
96,1000,2000,4500100096,0050,ZNB,Packaging Material,1000013,ASPNT,Manufacturing,5000100096,2025-03-26,2025,20.041,415119.01,Asian Paints Ltd,5100200100,2025-05-13,415119.26,ASIAN PAINTS,0.0,0.0,0.25,INR,1002,CC-FIN-001,400200,IMMED,5,0-30 Days,ROUNDING - PAISE,Paise-level rounding difference from vendor,,,,
97,1000,2000,4500100097,0010,ZSER,Raw Material Supply,1000013,ASPNT,Manufacturing,5000100097,2025-03-18,2025,37.306,556718.16,Asian Paints Ltd,5100200101,2025-03-31,556717.91,Asian Paint,0.0,0.0,-0.25,INR,1004,CC-MFG-005,400400,NT45,13,0-30 Days,ROUNDING - PAISE,Paise-level rounding difference from vendor,,,,
98,1000,2000,4500100098,0040,NB,Data Migration Services,1000002,INFY,IT Services,5000100098,2025-02-07,2025,83.981,421671.48,Infosys Limited,5100200102,2025-03-24,210835.74,Infosys Technologies,0.0,0.0,-210835.74,INR,1002,CC-HR-004,400100,NT60,52,31-60 Days,PARTIAL INVOICE,Partial invoice raised (50% of PO value),,,,
99,1000,1000,4500100099,0020,ZSER,Chemical Compounds,1000009,RIL,Manufacturing,5000100099,2024-12-04,2024,148.455,4393302.18,Reliance Industries Ltd,5100200103,2024-12-19,4393301.68,RIL,0.0,0.0,-0.5,INR,1001,CC-MFG-005,400200,IMMED,117,>90 Days (Critical),ROUNDING - PAISE,Paise-level rounding difference from vendor,,,,
100,1000,2000,4500100100,0020,NB,Cement Bags 50kg,1000013,ASPNT,Manufacturing,5000100100,2024-12-23,2024,5.53,2368530.04,Asian Paints Ltd,5100200104,2025-03-18,2368530.04,Asian Paint,0.0,0.0,0.0,INR,1002,CC-MFG-005,400300,NT30,98,>90 Days (Critical),TIMING DIFFERENCE,Invoice received after 60-day policy window,,,,
101,1000,1000,4500100101,0050,ZSER,Annual Maintenance Contract,1000004,HCLT,IT Services,5000100101,2024-12-23,2024,140.665,325386.97,HCL Technologies Ltd,5100200105,2025-01-02,325387.97,HCL TECHNOLOGIES,0.0,0.0,1.0,INR,1003,CC-MFG-005,400100,NT30,98,>90 Days (Critical),ROUNDING - RUPEE,"Rupee rounding, likely due to tax computation",,,,
102,1000,2000,4500100102,0040,ZNB,Cloud Hosting Charges,1000001,TCSL,IT Services,5000100102,2024-12-18,2024,140.089,19404.24,Tata Consultancy Services Ltd,5100200106,2025-01-16,19399.24,Tata Consultancy Services,0.0,0.0,-5.0,GBP,1001,CC-OPS-003,400400,NT45,103,>90 Days (Critical),ROUNDING - RUPEE,"Rupee rounding, likely due to tax computation",,,,
103,1000,1000,4500100103,0020,ZNB,Cement Bags 50kg,1000013,ASPNT,Manufacturing,5000100103,2025-01-17,2025,66.958,2240519.88,Asian Paints Ltd,5100200107,2025-02-12,2195709.48,Asian Paint,44810.4,0.0,-44810.4,INR,1004,CC-FIN-001,400300,NT15,73,61-90 Days,TDS DEDUCTED,TDS @ 2.0% deducted on payment (Sec 194C/194J),,,,
104,1000,2000,4500100104,0050,NB,Data Migration Services,1000007,MPHL,IT Services,5000100104,2025-01-03,2025,94.408,9361618.8,Mphasis Limited,5100200108,2025-02-26,8425456.92,MPHASIS LIMITED,936161.88,0.0,-936161.88,INR,1004,CC-HR-004,400100,NT15,87,61-90 Days,TDS DEDUCTED,TDS @ 10.0% deducted on payment (Sec 194C/194J),,,,
105,1000,1000,4500100105,0020,ZNB,ERP Implementation Services,1000004,HCLT,IT Services,5000100105,2025-03-10,2025,52.884,1371714.46,HCL Technologies Ltd,5100200109,2025-04-14,1371714.21,HCL Tech Ltd,0.0,0.0,-0.25,INR,1003,CC-FIN-001,400300,NT30,21,0-30 Days,ROUNDING - PAISE,Paise-level rounding difference from vendor,,,,
106,1000,1000,4500100106,0010,ZNB,Annual Maintenance Contract,1000002,INFY,IT Services,5000100106,2025-03-01,2025,137.717,176488.27,Infosys Limited,5100200110,2025-06-26,176488.27,INFOSYS LIMITED,0.0,0.0,0.0,INR,1003,CC-HR-004,400200,NT30,30,0-30 Days,TIMING DIFFERENCE,Invoice received after 60-day policy window,,,,
107,1000,2000,4500100107,0010,ZSER,Cloud Hosting Charges,1000007,MPHL,IT Services,5000100107,2025-02-07,2025,156.534,1289593.45,Mphasis Limited,5100200111,2025-04-14,1289593.45,MPHASIS LIMITED,0.0,0.0,0.0,INR,1003,CC-IT-002,400500,NT15,52,31-60 Days,TIMING DIFFERENCE,Invoice received after 60-day policy window,,,,
108,1000,2000,4500100108,0010,ZNB,Engineering Consultancy,1000014,SIEM,Engineering,5000100108,2024-10-26,2024,164.848,1428525.45,Siemens Ltd,5100200112,2024-11-27,1071394.09,SIEMENS LIMITED,0.0,0.0,-357131.36,INR,1001,CC-MFG-005,400100,NT30,156,>90 Days (Critical),PARTIAL INVOICE,Partial invoice raised (75% of PO value),,,,
109,1000,1000,4500100109,0020,ZSER,Annual Maintenance Contract,1000008,HEXW,IT Services,5000100109,2025-03-13,2025,97.134,66528.09,Hexaware Technologies Ltd,5100200113,2025-04-19,74511.46,HEXAWARE LIMITED,0.0,7983.37,7983.37,USD,1003,CC-IT-002,400200,NT60,18,0-30 Days,GST MISMATCH,GST @ 12% included in IR but not in GR,,,,
110,1000,1000,4500100110,0030,ZSER,Software License Fee,1000007,MPHL,IT Services,5000100110,2024-12-26,2024,165.251,1285014.97,Mphasis Limited,5100200114,2025-02-06,321253.74,Mphasis Ltd,0.0,0.0,-963761.23,INR,1003,CC-HR-004,400400,NT30,95,>90 Days (Critical),PARTIAL INVOICE,Partial invoice raised (25% of PO value),,,,
111,1000,1000,4500100111,0050,ZSER,Software License Fee,1000008,HEXW,IT Services,5000100111,2025-03-16,2025,39.814,1214058.11,Hexaware Technologies Ltd,5100200115,2025-05-10,1214058.12,HEXAWARE LIMITED,0.0,0.0,0.01,INR,1001,CC-IT-002,400500,IMMED,15,0-30 Days,ROUNDING - PAISE,Paise-level rounding difference from vendor,,,,
112,1000,1000,4500100112,0040,ZSER,Electrical Equipment,1000015,ABB,Engineering,5000100112,2025-02-04,2025,55.189,2545757.66,ABB India Limited,5100200116,2025-03-25,2545747.66,ABB LIMITED,0.0,0.0,-10.0,INR,1003,CC-OPS-003,400500,NT60,55,31-60 Days,ROUNDING - RUPEE,"Rupee rounding, likely due to tax computation",,,,
113,1000,2000,4500100113,0040,ZNB,ERP Implementation Services,1000008,HEXW,IT Services,5000100113,2025-01-01,2025,189.831,8624470.88,Hexaware Technologies Ltd,5100200117,2025-01-31,8624460.88,Hexaware Technologies,0.0,0.0,-10.0,INR,1004,CC-MFG-005,400200,NT60,89,61-90 Days,ROUNDING - RUPEE,"Rupee rounding, likely due to tax computation",,,,
114,1000,1000,4500100114,0040,NB,Network Support Services,1000004,HCLT,IT Services,5000100114,2025-03-16,2025,158.952,1156271.47,HCL Technologies Ltd,5100200118,2025-04-22,1156271.47,HCL Technologies Ltd,0.0,0.0,0.0,INR,1002,CC-MFG-005,400400,IMMED,15,0-30 Days,EXACT MATCH,GR and IR amounts match exactly,,,,
115,1000,2000,4500100115,0020,ZNB,Raw Material Supply,1000009,RIL,Manufacturing,5000100115,2025-03-17,2025,198.546,2647747.52,Reliance Industries Ltd,5100200119,2025-04-15,2647747.52,RELIANCE INDUSTRIES,0.0,0.0,2647747.52,INR,1001,CC-MFG-005,400500,NT60,14,0-30 Days,DUPLICATE IR RISK,Possible duplicate invoice - check doc 5100200120,,,,
116,1000,2000,4500100116,0010,NB,Mechanical Parts,1000020,SAPI,Software,5000100116,2024-12-25,2024,45.791,868034.58,SAP India Pvt Ltd,5100200121,2025-01-13,868034.83,SAP INDIA PVT LTD,0.0,0.0,0.25,INR,1001,CC-FIN-001,400400,NT60,96,>90 Days (Critical),ROUNDING - PAISE,Paise-level rounding difference from vendor,,,,
117,1000,1000,4500100117,0010,NB,Mechanical Parts,1000016,BSCH,Engineering,5000100117,2025-01-13,2025,163.457,607547.3,Bosch Limited,NOT RECEIVED,,,-,0.0,0.0,,INR,1003,CC-IT-002,400100,IMMED,77,61-90 Days,MISSING INVOICE,Goods received but vendor invoice not yet submitted,,,,
118,1000,2000,4500100118,0050,ZSER,Network Support Services,1000005,LTI,IT Services,5000100118,2025-01-21,2025,73.507,58943.35,Larsen & Toubro Infotech Ltd,5100200123,2025-02-23,58943.35,Larsen & Toubro Infotech Ltd,0.0,0.0,0.0,USD,1004,CC-MFG-005,400300,IMMED,69,61-90 Days,EXACT MATCH,GR and IR amounts match exactly,,,,
119,1000,1000,4500100119,0040,ZNB,Cement Bags 50kg,1000012,ULTC,Manufacturing,5000100119,2024-10-11,2024,187.729,323853.56,Ultratech Cement Ltd,NOT RECEIVED,,,-,0.0,0.0,,INR,1003,CC-HR-004,400200,IMMED,171,>90 Days (Critical),MISSING INVOICE,Goods received but vendor invoice not yet submitted,,,,
120,1000,2000,4500100120,0020,ZSER,Chemical Compounds,1000013,ASPNT,Manufacturing,5000100120,2024-10-25,2024,158.579,241312.14,Asian Paints Ltd,5100200125,2024-12-05,241312.64,Asian Paints Ltd.,0.0,0.0,0.5,INR,1001,CC-IT-002,400400,NT30,157,>90 Days (Critical),ROUNDING - PAISE,Paise-level rounding difference from vendor,,,,
121,1000,2000,4500100121,0020,ZNB,Equipment Maintenance,1000020,SAPI,Software,5000100121,2025-02-06,2025,130.826,22059.22,SAP India Pvt Ltd,5100200126,2025-03-15,5514.81,SAP India Ltd,0.0,0.0,-16544.41,USD,1003,CC-FIN-001,400400,NT60,53,31-60 Days,PARTIAL INVOICE,Partial invoice raised (25% of PO value),,,,
122,1000,2000,4500100122,0030,ZSER,Spare Parts Supply,1000016,BSCH,Engineering,5000100122,2024-12-02,2024,124.271,1283420.53,Bosch Limited,5100200127,2024-12-15,1283421.53,Bosch Ltd,0.0,0.0,1.0,INR,1001,CC-IT-002,400200,IMMED,119,>90 Days (Critical),ROUNDING - RUPEE,"Rupee rounding, likely due to tax computation",,,,
123,1000,1000,4500100123,0040,ZSER,Software License Fee,1000002,INFY,IT Services,5000100123,2024-10-18,2024,18.425,1395804.76,Infosys Limited,5100200128,2024-11-19,1395804.75,Infosys Technologies,0.0,0.0,-0.01,INR,1001,CC-FIN-001,400100,NT15,164,>90 Days (Critical),ROUNDING - PAISE,Paise-level rounding difference from vendor,,,,
124,1000,2000,4500100124,0010,NB,Packaging Material,1000013,ASPNT,Manufacturing,5000100124,2024-12-13,2024,137.49,4732846.95,Asian Paints Ltd,5100200129,2025-02-05,5300788.58,ASIAN PAINTS,0.0,567941.63,567941.63,INR,1003,CC-MFG-005,400400,NT30,108,>90 Days (Critical),GST MISMATCH,GST @ 12% included in IR but not in GR,,,,
125,1000,1000,4500100125,0030,ZSER,Data Migration Services,1000001,TCSL,IT Services,5000100125,2024-12-29,2024,95.83,82863.7,Tata Consultancy Services Ltd,5100200130,2025-02-06,82863.7,Tata Consultancy Services Ltd,0.0,0.0,0.0,USD,1001,CC-IT-002,400400,IMMED,92,>90 Days (Critical),EXACT MATCH,GR and IR amounts match exactly,,,,
126,1000,1000,4500100126,0010,ZSER,Chemical Compounds,1000012,ULTC,Manufacturing,5000100126,2024-12-17,2024,37.951,69259.27,Ultratech Cement Ltd,5100200131,2024-12-21,69259.27,Ultratech Cement Ltd,0.0,0.0,0.0,GBP,1003,CC-OPS-003,400500,NT15,104,>90 Days (Critical),EXACT MATCH,GR and IR amounts match exactly,,,,
127,1000,1000,4500100127,0050,ZSER,Chemical Compounds,1000010,TATST,Manufacturing,5000100127,2025-03-05,2025,165.007,423360.35,Tata Steel Limited,5100200132,2025-03-28,423360.35,Tata Steel Limited,0.0,0.0,0.0,INR,1004,CC-HR-004,400100,NT30,26,0-30 Days,EXACT MATCH,GR and IR amounts match exactly,,,,
128,1000,1000,4500100128,0010,ZSER,Industrial Chemicals,1000010,TATST,Manufacturing,5000100128,2025-03-15,2025,41.595,26970.25,Tata Steel Limited,5100200133,2025-05-29,26970.25,Tata Steel Ltd,0.0,0.0,0.0,EUR,1002,CC-HR-004,400200,NT15,16,0-30 Days,TIMING DIFFERENCE,Invoice received after 60-day policy window,,,,
129,1000,1000,4500100129,0020,NB,IT Consulting Services,1000004,HCLT,IT Services,5000100129,2025-01-22,2025,185.26,8381875.69,HCL Technologies Ltd,5100200134,2025-02-17,8381875.69,HCL Technologies Ltd,0.0,0.0,0.0,INR,1004,CC-OPS-003,400100,NT30,68,61-90 Days,EXACT MATCH,GR and IR amounts match exactly,,,,
130,1000,1000,4500100130,0030,NB,Equipment Maintenance,1000020,SAPI,Software,5000100130,2025-03-14,2025,122.65,272974.77,SAP India Pvt Ltd,5100200135,2025-04-14,272975.77,SAP India Ltd,0.0,0.0,1.0,INR,1004,CC-IT-002,400300,NT30,17,0-30 Days,ROUNDING - RUPEE,"Rupee rounding, likely due to tax computation",,,,
131,1000,2000,4500100131,0010,ZSER,Cement Bags 50kg,1000011,JSWS,Manufacturing,5000100131,2024-11-15,2024,124.441,413514.24,JSW Steel Ltd,5100200136,2024-12-11,413514.74,J.S.W. Steel Ltd,0.0,0.0,0.5,INR,1002,CC-HR-004,400200,NT30,136,>90 Days (Critical),ROUNDING - PAISE,Paise-level rounding difference from vendor,,,,
132,1000,1000,4500100132,0050,ZSER,Industrial Chemicals,1000012,ULTC,Manufacturing,5000100132,2025-01-22,2025,157.563,106526.85,Ultratech Cement Ltd,5100200137,2025-02-20,106526.84,Ultratech Cement,0.0,0.0,-0.01,INR,1002,CC-OPS-003,400100,NT15,68,61-90 Days,ROUNDING - PAISE,Paise-level rounding difference from vendor,,,,
133,1000,2000,4500100133,0040,NB,Control Panel Supply,1000020,SAPI,Software,5000100133,2025-01-22,2025,47.974,198847.72,SAP India Pvt Ltd,5100200138,2025-03-16,198847.71,SAP India,0.0,0.0,-0.01,INR,1003,CC-IT-002,400100,IMMED,68,61-90 Days,ROUNDING - PAISE,Paise-level rounding difference from vendor,,,,
134,1000,2000,4500100134,0050,ZNB,Control Panel Supply,1000014,SIEM,Engineering,5000100134,2024-10-23,2024,153.466,1365027.9,Siemens Ltd,5100200139,2024-11-06,1365017.9,Siemens India Ltd,0.0,0.0,-10.0,INR,1003,CC-IT-002,400400,NT45,159,>90 Days (Critical),ROUNDING - RUPEE,"Rupee rounding, likely due to tax computation",,,,
135,1000,1000,4500100135,0040,ZNB,Cloud Hosting Charges,1000005,LTI,IT Services,5000100135,2024-10-02,2024,191.845,98407.9,Larsen & Toubro Infotech Ltd,5100200140,2024-10-13,125962.11,L&T Infotech,0.0,27554.21,27554.21,USD,1002,CC-IT-002,400300,NT45,180,>90 Days (Critical),GST MISMATCH,GST @ 28% included in IR but not in GR,,,,
136,1000,1000,4500100136,0040,ZNB,Software License Fee,1000001,TCSL,IT Services,5000100136,2025-03-02,2025,177.43,1520025.58,Tata Consultancy Services Ltd,5100200141,2025-04-05,1793630.18,T.C.S. Ltd,0.0,273604.6,273604.6,INR,1001,CC-MFG-005,400300,IMMED,29,0-30 Days,GST MISMATCH,GST @ 18% included in IR but not in GR,,,,
137,1000,1000,4500100137,0050,ZSER,Packaging Material,1000010,TATST,Manufacturing,5000100137,2025-01-05,2025,13.728,3161228.26,Tata Steel Limited,5100200142,2025-02-25,3161228.26,Tata Steel Limited,0.0,0.0,0.0,INR,1003,CC-FIN-001,400400,NT45,85,61-90 Days,EXACT MATCH,GR and IR amounts match exactly,,,,
138,1000,2000,4500100138,0010,ZNB,Electrical Equipment,1000018,BEL,Defence,5000100138,2025-01-13,2025,62.814,704578.54,Bharat Electronics Ltd,5100200143,2025-03-06,352289.27,BHARAT ELECTRONICS LTD,0.0,0.0,-352289.27,INR,1004,CC-IT-002,400100,NT15,77,61-90 Days,PARTIAL INVOICE,Partial invoice raised (50% of PO value),,,,
139,1000,2000,4500100139,0030,NB,Network Support Services,1000005,LTI,IT Services,5000100139,2024-11-14,2024,95.91,53502.3,Larsen & Toubro Infotech Ltd,5100200144,2024-12-21,53502.31,L&T Infotech,0.0,0.0,0.01,USD,1001,CC-FIN-001,400500,NT45,137,>90 Days (Critical),ROUNDING - PAISE,Paise-level rounding difference from vendor,,,,
140,1000,2000,4500100140,0050,NB,Raw Material Supply,1000011,JSWS,Manufacturing,5000100140,2024-10-13,2024,142.897,1935149.69,JSW Steel Ltd,5100200145,2024-11-16,1935149.68,JSW Steel Limited,0.0,0.0,-0.01,INR,1001,CC-HR-004,400200,NT30,169,>90 Days (Critical),ROUNDING - PAISE,Paise-level rounding difference from vendor,,,,
141,1000,2000,4500100141,0050,ZNB,ERP Implementation Services,1000008,HEXW,IT Services,5000100141,2025-03-12,2025,169.987,9912639.25,Hexaware Technologies Ltd,5100200146,2025-03-31,9912639.26,Hexaware Tech Ltd,0.0,0.0,0.01,INR,1002,CC-IT-002,400300,NT15,19,0-30 Days,ROUNDING - PAISE,Paise-level rounding difference from vendor,,,,
142,1000,1000,4500100142,0050,ZNB,Engineering Consultancy,1000016,BSCH,Engineering,5000100142,2024-10-12,2024,149.064,1819563.72,Bosch Limited,5100200147,2024-11-09,1819564.22,Robert Bosch,0.0,0.0,0.5,INR,1004,CC-HR-004,400300,NT15,170,>90 Days (Critical),ROUNDING - PAISE,Paise-level rounding difference from vendor,,,,
143,1000,1000,4500100143,0020,NB,Steel Plates 10mm,1000010,TATST,Manufacturing,5000100143,2024-10-16,2024,117.719,4042149.44,Tata Steel Limited,5100200148,2024-11-03,4042148.44,Tata Steel,0.0,0.0,-1.0,INR,1004,CC-OPS-003,400200,NT30,166,>90 Days (Critical),ROUNDING - RUPEE,"Rupee rounding, likely due to tax computation",,,,
144,1000,1000,4500100144,0020,ZNB,Control Panel Supply,1000017,HAVL,Electrical,5000100144,2025-03-04,2025,102.058,2758083.62,Havells India Ltd,5100200149,2025-04-27,2758084.12,Havells,0.0,0.0,0.5,INR,1004,CC-HR-004,400200,IMMED,27,0-30 Days,ROUNDING - PAISE,Paise-level rounding difference from vendor,,,,
145,1000,1000,4500100145,0050,ZSER,Steel Plates 10mm,1000010,TATST,Manufacturing,5000100145,2025-01-22,2025,174.566,3399923.72,Tata Steel Limited,5100200150,2025-01-28,3399921.72,Tata Steel Ltd,0.0,0.0,-2.0,INR,1004,CC-MFG-005,400100,NT60,68,61-90 Days,ROUNDING - RUPEE,"Rupee rounding, likely due to tax computation",,,,
146,1000,2000,4500100146,0010,ZSER,Engineering Consultancy,1000014,SIEM,Engineering,5000100146,2025-02-18,2025,18.551,2105806.33,Siemens Ltd,5100200151,2025-04-19,2105806.83,Siemens India,0.0,0.0,0.5,INR,1002,CC-MFG-005,400400,NT30,41,31-60 Days,ROUNDING - PAISE,Paise-level rounding difference from vendor,,,,
147,1000,2000,4500100147,0010,ZSER,Steel Plates 10mm,1000013,ASPNT,Manufacturing,5000100147,2025-02-11,2025,189.575,99175.12,Asian Paints Ltd,5100200152,2025-04-03,89257.61,Asian Paints Limited,9917.51,0.0,-9917.51,USD,1004,CC-MFG-005,400200,IMMED,48,31-60 Days,TDS DEDUCTED,TDS @ 10.0% deducted on payment (Sec 194C/194J),,,,
148,1000,1000,4500100148,0020,ZSER,Mechanical Parts,1000015,ABB,Engineering,5000100148,2025-02-28,2025,126.246,1692303.51,ABB India Limited,5100200153,2025-04-01,423075.88,A.B.B. India,0.0,0.0,-1269227.63,INR,1004,CC-FIN-001,400200,NT15,31,31-60 Days,PARTIAL INVOICE,Partial invoice raised (25% of PO value),,,,
149,1000,1000,4500100149,0050,ZNB,Network Support Services,1000006,TECHM,IT Services,5000100149,2025-02-26,2025,31.027,436804.34,Tech Mahindra Limited,5100200154,2025-03-17,428068.25,TechMahindra,8736.09,0.0,-8736.09,INR,1001,CC-IT-002,400100,NT30,33,31-60 Days,TDS DEDUCTED,TDS @ 2.0% deducted on payment (Sec 194C/194J),,,,
150,1000,1000,4500100150,0030,ZSER,IT Consulting Services,1000005,LTI,IT Services,5000100150,2025-02-09,2025,134.657,1171776.89,Larsen & Toubro Infotech Ltd,5100200155,2025-02-10,1171776.89,Larsen & Toubro Infotech Ltd,0.0,0.0,0.0,INR,1003,CC-MFG-005,400300,NT15,50,31-60 Days,EXACT MATCH,GR and IR amounts match exactly,,,,
151,1000,2000,4500100151,0010,ZSER,Network Support Services,1000004,HCLT,IT Services,5000100151,2024-11-14,2024,154.736,8314653.09,HCL Technologies Ltd,5100200156,2024-11-27,8314653.09,HCL Technologies Ltd,0.0,0.0,0.0,INR,1003,CC-OPS-003,400200,NT30,137,>90 Days (Critical),EXACT MATCH,GR and IR amounts match exactly,,,,
152,1000,1000,4500100152,0010,NB,Packaging Material,1000011,JSWS,Manufacturing,5000100152,2025-03-15,2025,189.492,552217.09,JSW Steel Ltd,5100200157,2025-05-13,706837.88,JSW Steel,0.0,154620.79,154620.79,INR,1002,CC-FIN-001,400300,NT60,16,0-30 Days,GST MISMATCH,GST @ 28% included in IR but not in GR,,,,
153,1000,2000,4500100153,0050,NB,Industrial Chemicals,1000009,RIL,Manufacturing,5000100153,2025-01-06,2025,77.446,361568.69,Reliance Industries Ltd,5100200158,2025-01-11,180784.35,Reliance Industries Limited,0.0,0.0,-180784.34,INR,1001,CC-MFG-005,400500,IMMED,84,61-90 Days,PARTIAL INVOICE,Partial invoice raised (50% of PO value),,,,
154,1000,1000,4500100154,0030,NB,Control Panel Supply,1000019,ORCL,Software,5000100154,2024-10-09,2024,55.572,2113443.09,Oracle India Pvt Ltd,5100200159,2024-11-12,2113438.09,Oracle Ind,0.0,0.0,-5.0,INR,1001,CC-FIN-001,400100,IMMED,173,>90 Days (Critical),ROUNDING - RUPEE,"Rupee rounding, likely due to tax computation",,,,
155,1000,2000,4500100155,0020,ZNB,Industrial Chemicals,1000012,ULTC,Manufacturing,5000100155,2025-01-23,2025,23.349,47852.47,Ultratech Cement Ltd,5100200160,2025-03-10,47852.97,UltraTech Cement Ltd,0.0,0.0,0.5,USD,1003,CC-HR-004,400400,NT60,67,61-90 Days,ROUNDING - PAISE,Paise-level rounding difference from vendor,,,,
156,1000,1000,4500100156,0030,ZSER,Cybersecurity Services,1000002,INFY,IT Services,5000100156,2025-01-02,2025,88.952,1745800.84,Infosys Limited,5100200161,2025-02-25,1745810.84,INFOSYS LIMITED,0.0,0.0,10.0,INR,1001,CC-IT-002,400200,IMMED,88,61-90 Days,ROUNDING - RUPEE,"Rupee rounding, likely due to tax computation",,,,
157,1000,2000,4500100157,0030,NB,Cloud Hosting Charges,1000008,HEXW,IT Services,5000100157,2025-03-18,2025,60.22,6281246.03,Hexaware Technologies Ltd,5100200162,2025-04-14,6281246.03,Hexaware Technologies Ltd,0.0,0.0,0.0,INR,1004,CC-FIN-001,400200,NT60,13,0-30 Days,EXACT MATCH,GR and IR amounts match exactly,,,,
158,1000,2000,4500100158,0040,ZSER,Cybersecurity Services,1000002,INFY,IT Services,5000100158,2024-12-27,2024,180.191,1717936.65,Infosys Limited,NOT RECEIVED,,,-,0.0,0.0,,INR,1001,CC-IT-002,400200,IMMED,94,>90 Days (Critical),MISSING INVOICE,Goods received but vendor invoice not yet submitted,,,,
159,1000,2000,4500100159,0030,NB,Spare Parts Supply,1000015,ABB,Engineering,5000100159,2024-12-04,2024,11.93,25376.43,ABB India Limited,NOT RECEIVED,,,-,0.0,0.0,,USD,1004,CC-FIN-001,400200,IMMED,117,>90 Days (Critical),MISSING INVOICE,Goods received but vendor invoice not yet submitted,,,,
160,1000,1000,4500100160,0030,ZNB,ERP Implementation Services,1000005,LTI,IT Services,5000100160,2025-03-02,2025,100.769,7370968.52,Larsen & Toubro Infotech Ltd,5100200165,2025-03-10,7739516.95,L&T Infotech Ltd,0.0,368548.43,368548.43,INR,1001,CC-OPS-003,400200,NT45,29,0-30 Days,GST MISMATCH,GST @ 5% included in IR but not in GR,,,,
161,1000,1000,4500100161,0030,NB,Software License Fee,1000008,HEXW,IT Services,5000100161,2025-01-31,2025,104.732,83241.23,Hexaware Technologies Ltd,5100200166,2025-02-22,83241.48,Hexaware Tech Ltd,0.0,0.0,0.25,USD,1001,CC-OPS-003,400400,NT45,59,31-60 Days,ROUNDING - PAISE,Paise-level rounding difference from vendor,,,,
162,1000,1000,4500100162,0040,NB,Mechanical Parts,1000019,ORCL,Software,5000100162,2025-03-13,2025,81.659,914825.23,Oracle India Pvt Ltd,5100200167,2025-03-30,896528.73,Oracle India,18296.5,0.0,-18296.5,INR,1001,CC-OPS-003,400300,NT60,18,0-30 Days,TDS DEDUCTED,TDS @ 2.0% deducted on payment (Sec 194C/194J),,,,
163,1000,2000,4500100163,0010,NB,Mechanical Parts,1000020,SAPI,Software,5000100163,2025-03-06,2025,196.617,2131064.44,SAP India Pvt Ltd,5100200168,2025-03-17,2131062.44,SAP India Private Ltd,0.0,0.0,-2.0,INR,1003,CC-MFG-005,400400,NT15,25,0-30 Days,ROUNDING - RUPEE,"Rupee rounding, likely due to tax computation",,,,
164,1000,2000,4500100164,0040,ZSER,Data Migration Services,1000005,LTI,IT Services,5000100164,2025-03-10,2025,13.327,1579915.98,Larsen & Toubro Infotech Ltd,5100200169,2025-04-27,1579916.23,LTI Limited,0.0,0.0,0.25,INR,1002,CC-FIN-001,400300,IMMED,21,0-30 Days,ROUNDING - PAISE,Paise-level rounding difference from vendor,,,,
165,1000,2000,4500100165,0030,ZNB,Software License Fee,1000005,LTI,IT Services,5000100165,2024-11-26,2024,80.284,47814.13,Larsen & Toubro Infotech Ltd,5100200170,2025-02-04,47814.13,L&T Infotech,0.0,0.0,0.0,GBP,1002,CC-HR-004,400100,NT45,125,>90 Days (Critical),TIMING DIFFERENCE,Invoice received after 60-day policy window,,,,
166,1000,2000,4500100166,0020,ZNB,Cybersecurity Services,1000008,HEXW,IT Services,5000100166,2025-02-12,2025,55.407,993692.91,Hexaware Technologies Ltd,5100200171,2025-03-01,993687.91,Hexaware Tech Ltd,0.0,0.0,-5.0,INR,1002,CC-FIN-001,400300,NT60,47,31-60 Days,ROUNDING - RUPEE,"Rupee rounding, likely due to tax computation",,,,
167,1000,2000,4500100167,0030,ZSER,ERP Implementation Services,1000007,MPHL,IT Services,5000100167,2024-12-05,2024,89.63,97701.12,Mphasis Limited,5100200172,2025-01-14,97701.37,Mphasis Corp,0.0,0.0,0.25,INR,1001,CC-HR-004,400100,IMMED,116,>90 Days (Critical),ROUNDING - PAISE,Paise-level rounding difference from vendor,,,,
168,1000,2000,4500100168,0030,ZSER,Mechanical Parts,1000016,BSCH,Engineering,5000100168,2024-11-28,2024,125.453,31855.19,Bosch Limited,5100200173,2025-02-13,31855.19,Bosch Ltd,0.0,0.0,0.0,USD,1002,CC-OPS-003,400300,NT60,123,>90 Days (Critical),TIMING DIFFERENCE,Invoice received after 60-day policy window,,,,
169,1000,2000,4500100169,0020,ZNB,Mechanical Parts,1000015,ABB,Engineering,5000100169,2024-12-05,2024,60.317,1481913.58,ABB India Limited,5100200174,2024-12-18,1467094.44,ABB India,14819.14,0.0,-14819.14,INR,1002,CC-HR-004,400100,IMMED,116,>90 Days (Critical),TDS DEDUCTED,TDS @ 1.0% deducted on payment (Sec 194C/194J),,,,
170,1000,2000,4500100170,0030,NB,Electrical Equipment,1000017,HAVL,Electrical,5000100170,2024-12-08,2024,180.961,69601.41,Havells India Ltd,5100200175,2024-12-10,69601.42,Havells India Limited,0.0,0.0,0.01,USD,1004,CC-OPS-003,400100,IMMED,113,>90 Days (Critical),ROUNDING - PAISE,Paise-level rounding difference from vendor,,,,
171,1000,2000,4500100171,0040,ZNB,Cloud Hosting Charges,1000004,HCLT,IT Services,5000100171,2025-03-13,2025,186.786,248646.8,HCL Technologies Ltd,5100200176,2025-04-07,318267.9,HCL Technologies Limited,0.0,69621.1,69621.1,INR,1001,CC-FIN-001,400300,NT15,18,0-30 Days,GST MISMATCH,GST @ 28% included in IR but not in GR,,,,
172,1000,2000,4500100172,0020,NB,Electrical Equipment,1000020,SAPI,Software,5000100172,2024-12-05,2024,73.59,592837.36,SAP India Pvt Ltd,5100200177,2025-02-02,148209.34,SAP India Ltd,0.0,0.0,-444628.02,INR,1004,CC-IT-002,400400,NT60,116,>90 Days (Critical),PARTIAL INVOICE,Partial invoice raised (25% of PO value),,,,
173,1000,1000,4500100173,0030,ZSER,Equipment Maintenance,1000018,BEL,Defence,5000100173,2024-12-07,2024,172.932,570673.39,Bharat Electronics Ltd,5100200178,2024-12-29,570673.89,BEL Limited,0.0,0.0,0.5,INR,1001,CC-HR-004,400300,NT45,114,>90 Days (Critical),ROUNDING - PAISE,Paise-level rounding difference from vendor,,,,
174,1000,2000,4500100174,0030,ZSER,ERP Implementation Services,1000001,TCSL,IT Services,5000100174,2024-10-15,2024,104.46,95935.34,Tata Consultancy Services Ltd,5100200179,2024-12-01,95935.34,Tata Consultancy Services Ltd,0.0,0.0,0.0,USD,1002,CC-MFG-005,400500,NT15,167,>90 Days (Critical),EXACT MATCH,GR and IR amounts match exactly,,,,
175,1000,1000,4500100175,0030,ZNB,Engineering Consultancy,1000018,BEL,Defence,5000100175,2024-12-06,2024,34.828,1304447.86,Bharat Electronics Ltd,5100200180,2024-12-21,1304448.86,BHARAT ELECTRONICS LTD,0.0,0.0,1.0,INR,1002,CC-IT-002,400400,IMMED,115,>90 Days (Critical),ROUNDING - RUPEE,"Rupee rounding, likely due to tax computation",,,,
176,1000,2000,4500100176,0020,ZSER,Cybersecurity Services,1000007,MPHL,IT Services,5000100176,2025-01-29,2025,73.181,439734.5,Mphasis Limited,5100200181,2025-05-18,439734.5,MPHASIS LIMITED,0.0,0.0,0.0,INR,1001,CC-OPS-003,400300,IMMED,61,61-90 Days,TIMING DIFFERENCE,Invoice received after 60-day policy window,,,,
177,1000,2000,4500100177,0020,ZSER,Spare Parts Supply,1000015,ABB,Engineering,5000100177,2024-12-24,2024,140.715,558484.14,ABB India Limited,5100200182,2025-02-16,502635.73,ABB LIMITED,55848.41,0.0,-55848.41,INR,1004,CC-HR-004,400400,IMMED,97,>90 Days (Critical),TDS DEDUCTED,TDS @ 10.0% deducted on payment (Sec 194C/194J),,,,
178,1000,2000,4500100178,0050,ZNB,Chemical Compounds,1000009,RIL,Manufacturing,5000100178,2025-03-21,2025,129.309,256370.24,Reliance Industries Ltd,5100200183,2025-04-16,251242.84,RIL,5127.4,0.0,-5127.4,INR,1003,CC-IT-002,400500,IMMED,10,0-30 Days,TDS DEDUCTED,TDS @ 2.0% deducted on payment (Sec 194C/194J),,,,
179,1000,1000,4500100179,0020,ZSER,Cybersecurity Services,1000005,LTI,IT Services,5000100179,2024-12-06,2024,112.452,207062.53,Larsen & Toubro Infotech Ltd,5100200184,2025-04-01,207062.53,L&T Infotech,0.0,0.0,0.0,INR,1002,CC-OPS-003,400300,NT30,115,>90 Days (Critical),TIMING DIFFERENCE,Invoice received after 60-day policy window,,,,
180,1000,1000,4500100180,0020,ZSER,ERP Implementation Services,1000001,TCSL,IT Services,5000100180,2024-11-15,2024,40.862,1546554.29,Tata Consultancy Services Ltd,5100200185,2024-12-12,1546554.29,Tata Consultancy Services Ltd,0.0,0.0,0.0,INR,1001,CC-FIN-001,400400,NT60,136,>90 Days (Critical),EXACT MATCH,GR and IR amounts match exactly,,,,
181,1000,1000,4500100181,0050,ZNB,Raw Material Supply,1000012,ULTC,Manufacturing,5000100181,2024-10-05,2024,122.568,4691348.62,Ultratech Cement Ltd,5100200186,2024-10-20,4691348.62,Ultratech Cement Ltd,0.0,0.0,0.0,INR,1004,CC-HR-004,400100,NT60,177,>90 Days (Critical),EXACT MATCH,GR and IR amounts match exactly,,,,
182,1000,1000,4500100182,0010,ZSER,Cloud Hosting Charges,1000002,INFY,IT Services,5000100182,2025-01-17,2025,163.292,213912.29,Infosys Limited,5100200187,2025-02-05,213913.29,Infosys Technologies,0.0,0.0,1.0,INR,1001,CC-HR-004,400100,NT30,73,61-90 Days,ROUNDING - RUPEE,"Rupee rounding, likely due to tax computation",,,,
183,1000,1000,4500100183,0010,NB,Cement Bags 50kg,1000011,JSWS,Manufacturing,5000100183,2025-02-27,2025,75.309,3161586.89,JSW Steel Ltd,5100200188,2025-03-30,3161586.9,JSW Steel Limited,0.0,0.0,0.01,INR,1004,CC-HR-004,400100,NT45,32,31-60 Days,ROUNDING - PAISE,Paise-level rounding difference from vendor,,,,
184,1000,1000,4500100184,0030,NB,Cement Bags 50kg,1000010,TATST,Manufacturing,5000100184,2025-01-12,2025,167.362,689627.13,Tata Steel Limited,5100200189,2025-04-06,689627.13,Tata Steel,0.0,0.0,0.0,INR,1002,CC-FIN-001,400300,NT15,78,61-90 Days,TIMING DIFFERENCE,Invoice received after 60-day policy window,,,,
185,1000,2000,4500100185,0040,ZNB,Control Panel Supply,1000016,BSCH,Engineering,5000100185,2025-01-10,2025,169.744,15609.18,Bosch Limited,5100200190,2025-02-22,16389.64,Robert Bosch,0.0,780.46,780.46,EUR,1001,CC-FIN-001,400100,NT15,80,61-90 Days,GST MISMATCH,GST @ 5% included in IR but not in GR,,,,
186,1000,2000,4500100186,0010,NB,Data Migration Services,1000002,INFY,IT Services,5000100186,2024-12-08,2024,130.099,41520.62,Infosys Limited,5100200191,2025-03-02,41520.62,Infosys Technologies,0.0,0.0,0.0,USD,1002,CC-IT-002,400400,NT45,113,>90 Days (Critical),TIMING DIFFERENCE,Invoice received after 60-day policy window,,,,
187,1000,2000,4500100187,0030,ZNB,Control Panel Supply,1000019,ORCL,Software,5000100187,2024-11-10,2024,114.204,35868.47,Oracle India Pvt Ltd,NOT RECEIVED,,,-,0.0,0.0,,USD,1003,CC-HR-004,400200,NT30,141,>90 Days (Critical),MISSING INVOICE,Goods received but vendor invoice not yet submitted,,,,
188,1000,1000,4500100188,0010,NB,Annual Maintenance Contract,1000008,HEXW,IT Services,5000100188,2024-11-09,2024,91.885,376886.05,Hexaware Technologies Ltd,5100200193,2024-12-26,376885.8,Hexaware Tech Ltd,0.0,0.0,-0.25,INR,1004,CC-IT-002,400300,NT45,142,>90 Days (Critical),ROUNDING - PAISE,Paise-level rounding difference from vendor,,,,
189,1000,2000,4500100189,0050,ZNB,Cloud Hosting Charges,1000005,LTI,IT Services,5000100189,2025-01-25,2025,179.059,56796.89,Larsen & Toubro Infotech Ltd,5100200194,2025-02-10,56796.88,Larsen Toubro Infotech,0.0,0.0,-0.01,USD,1003,CC-IT-002,400200,NT45,65,61-90 Days,ROUNDING - PAISE,Paise-level rounding difference from vendor,,,,
190,1000,2000,4500100190,0040,ZNB,Annual Maintenance Contract,1000006,TECHM,IT Services,5000100190,2025-01-10,2025,67.584,462396.08,Tech Mahindra Limited,5100200195,2025-02-10,457772.12,Tech-Mahindra Limited,4623.96,0.0,-4623.96,INR,1001,CC-IT-002,400500,NT60,80,61-90 Days,TDS DEDUCTED,TDS @ 1.0% deducted on payment (Sec 194C/194J),,,,
191,1000,2000,4500100191,0020,ZSER,Electrical Equipment,1000014,SIEM,Engineering,5000100191,2024-12-11,2024,170.533,411775.85,Siemens Ltd,5100200196,2025-01-22,370598.27,SIEMENS LIMITED,41177.58,0.0,-41177.58,INR,1002,CC-IT-002,400300,NT30,110,>90 Days (Critical),TDS DEDUCTED,TDS @ 10.0% deducted on payment (Sec 194C/194J),,,,
192,1000,1000,4500100192,0050,NB,Mechanical Parts,1000016,BSCH,Engineering,5000100192,2024-11-28,2024,121.967,74905.22,Bosch Limited,5100200197,2025-03-09,74905.22,Robert Bosch,0.0,0.0,0.0,USD,1004,CC-IT-002,400100,NT60,123,>90 Days (Critical),TIMING DIFFERENCE,Invoice received after 60-day policy window,,,,
193,1000,1000,4500100193,0040,ZSER,Industrial Chemicals,1000012,ULTC,Manufacturing,5000100193,2024-11-16,2024,60.283,25529.38,Ultratech Cement Ltd,5100200198,2024-12-16,25539.38,Ultratech Cement,0.0,0.0,10.0,GBP,1003,CC-OPS-003,400400,NT60,135,>90 Days (Critical),ROUNDING - RUPEE,"Rupee rounding, likely due to tax computation",,,,
194,1000,2000,4500100194,0040,ZNB,Annual Maintenance Contract,1000007,MPHL,IT Services,5000100194,2024-11-22,2024,150.039,159009.3,Mphasis Limited,5100200199,2025-01-09,159014.3,Mphasis Ltd,0.0,0.0,5.0,INR,1001,CC-IT-002,400200,IMMED,129,>90 Days (Critical),ROUNDING - RUPEE,"Rupee rounding, likely due to tax computation",,,,
195,1000,2000,4500100195,0030,ZSER,Software License Fee,1000002,INFY,IT Services,5000100195,2025-01-18,2025,20.231,8918272.01,Infosys Limited,5100200200,2025-02-25,8918282.01,Infosys Technologies,0.0,0.0,10.0,INR,1002,CC-OPS-003,400300,NT60,72,61-90 Days,ROUNDING - RUPEE,"Rupee rounding, likely due to tax computation",,,,
196,1000,2000,4500100196,0030,ZSER,Engineering Consultancy,1000015,ABB,Engineering,5000100196,2025-02-17,2025,89.692,1508911.63,ABB India Limited,5100200201,2025-04-01,1508912.63,A.B.B. India,0.0,0.0,1.0,INR,1002,CC-HR-004,400200,NT15,42,31-60 Days,ROUNDING - RUPEE,"Rupee rounding, likely due to tax computation",,,,
197,1000,2000,4500100197,0020,NB,ERP Implementation Services,1000005,LTI,IT Services,5000100197,2025-01-13,2025,56.548,1059905.41,Larsen & Toubro Infotech Ltd,5100200202,2025-03-04,1059905.41,Larsen & Toubro Infotech Ltd,0.0,0.0,0.0,INR,1004,CC-IT-002,400200,NT60,77,61-90 Days,EXACT MATCH,GR and IR amounts match exactly,,,,
198,1000,1000,4500100198,0010,ZNB,Software License Fee,1000003,WIPR,IT Services,5000100198,2025-01-07,2025,192.189,1764483.37,Wipro Limited,5100200203,2025-03-07,441120.84,Wipro Ltd,0.0,0.0,-1323362.53,INR,1002,CC-IT-002,400100,NT45,83,61-90 Days,PARTIAL INVOICE,Partial invoice raised (25% of PO value),,,,
199,1000,1000,4500100199,0030,NB,Cybersecurity Services,1000007,MPHL,IT Services,5000100199,2025-01-21,2025,97.81,7944262.95,Mphasis Limited,5100200204,2025-03-06,7944262.7,Mphasis Corporation,0.0,0.0,-0.25,INR,1004,CC-OPS-003,400100,NT60,69,61-90 Days,ROUNDING - PAISE,Paise-level rounding difference from vendor,,,,
200,1000,2000,4500100200,0050,NB,Packaging Material,1000012,ULTC,Manufacturing,5000100200,2025-01-07,2025,155.012,1672292.32,Ultratech Cement Ltd,5100200205,2025-01-09,1588677.7,UltraTech Cement Ltd,83614.62,0.0,-83614.62,INR,1002,CC-OPS-003,400500,NT60,83,61-90 Days,TDS DEDUCTED,TDS @ 5.0% deducted on payment (Sec 194C/194J),,,,
